[
  {
    "Id": "1338102",
    "ThreadId": "576558",
    "Html": "Hi,<br />\n<br />\nhow can I get the width of string? -&gt; Or is there any way to center a string?<br />\n",
    "PostedDate": "2014-12-31T01:47:19.24-08:00",
    "UserRole": null,
    "MarkedAsAnswerDate": null
  },
  {
    "Id": "1338121",
    "ThreadId": "576558",
    "Html": "There is the FW1_CENTER and FW1_VCENTER (V for vertical) flags that can be OR'd with other flags used in DrawString.\r<br />\nThere's also MeasureString that returns the rectangle of a string.<br />\n",
    "PostedDate": "2014-12-31T03:14:39.923-08:00",
    "UserRole": null,
    "MarkedAsAnswerDate": null
  }
]