[
  {
    "Id": "252849",
    "Title": "No text on certain machines",
    "LatestDate": "2012-01-31T04:40:54.777-08:00"
  },
  {
    "Id": "360637",
    "Title": "ManyStrings - FPS doubles in rate after window focus change",
    "LatestDate": "2012-07-03T16:02:54.16-07:00"
  },
  {
    "Id": "442940",
    "Title": "Problem with drawing fonts",
    "LatestDate": "2013-05-08T05:21:25.433-07:00"
  },
  {
    "Id": "445629",
    "Title": "Import .ttf ",
    "LatestDate": "2013-05-31T18:09:10.963-07:00"
  },
  {
    "Id": "447772",
    "Title": "Saving state for multiple calls",
    "LatestDate": "2013-06-21T14:43:31.797-07:00"
  },
  {
    "Id": "450017",
    "Title": "Using italic or bold fonts",
    "LatestDate": "2013-07-15T22:25:15.843-07:00"
  },
  {
    "Id": "458813",
    "Title": "Changing the position of multiple fonts dynamically",
    "LatestDate": "2013-09-23T11:25:22.737-07:00"
  },
  {
    "Id": "501410",
    "Title": "Using FW1CreateFactory c++/cli",
    "LatestDate": "2014-01-16T04:41:02.56-08:00"
  },
  {
    "Id": "515467",
    "Title": "MeasureString",
    "LatestDate": "2014-01-21T10:52:39.903-08:00"
  },
  {
    "Id": "522734",
    "Title": "Compile as static library?",
    "LatestDate": "2014-01-23T21:21:37.677-08:00"
  },
  {
    "Id": "576509",
    "Title": "Include to project (only one output file)",
    "LatestDate": "2014-12-31T01:46:29.943-08:00"
  },
  {
    "Id": "576558",
    "Title": "Get width of string",
    "LatestDate": "2014-12-31T03:14:39.923-08:00"
  },
  {
    "Id": "614311",
    "Title": "Unknown Characters For Spaces",
    "LatestDate": "2015-03-25T14:13:04.33-07:00"
  },
  {
    "Id": "637579",
    "Title": "DX12 support",
    "LatestDate": "2015-05-10T17:59:31.977-07:00"
  },
  {
    "Id": "655483",
    "Title": "Always getting Error Code 0xC000135 or 0x000135",
    "LatestDate": "2016-06-16T10:47:27.613-07:00"
  },
  {
    "Id": "662094",
    "Title": "Vertex Shader linkage error",
    "LatestDate": "2017-03-21T03:07:52-07:00"
  }
]